{
  "0": {
    "x": -1.875,
    "y": 0.9497443437576294,
    "z": 4.125
  },
  "1": {
    "x": 0.5625,
    "y": 0.9497443437576294,
    "z": -0.5625000000000002
  },
  "2": {
    "x": -0.3,
    "y": 0.9497443437576294,
    "z": 1.65
  },
  "3": {
    "x": -1.875,
    "y": 0.9497443437576294,
    "z": 2.625
  }
}
