{
  "0": {
    "x": -0.75,
    "y": 0.9010307192802429,
    "z": 3.375
  },
  "1": {
    "x": -1.25,
    "y": 0.9010307192802429,
    "z": 2.0
  },
  "2": {
    "x": -1.5,
    "y": 0.9010307192802429,
    "z": 3.375
  }
}
