{
  "0": {
    "x": 0.0,
    "y": 0.9019671678543091,
    "z": 3.0
  },
  "1": {
    "x": -1.5,
    "y": 0.9019671678543091,
    "z": 1.5
  },
  "2": {
    "x": -0.75,
    "y": 0.9019671678543091,
    "z": 3.375
  },
  "3": {
    "x": -0.75,
    "y": 0.9019671678543091,
    "z": 1.5
  },
  "4": {
    "x": -0.375,
    "y": 0.9019671678543091,
    "z": 2.25
  }
}
