{
  "0": {
    "x": -0.65625,
    "y": 0.9009991884231567,
    "z": -0.9375
  },
  "1": {
    "x": 3.25,
    "y": 0.9009991884231567,
    "z": -0.5
  },
  "2": {
    "x": 1.0714285714285714,
    "y": 0.9009991884231567,
    "z": 0.0
  }
}
