{
  "0": {
    "x": -1.5,
    "y": 0.9009992480278015,
    "z": 1.5
  },
  "1": {
    "x": -1.5,
    "y": 0.9009992480278015,
    "z": 2.25
  }
}
