{
  "0": {
    "x": -0.9999999999999999,
    "y": 0.8696960210800171,
    "z": -0.25
  },
  "1": {
    "x": -0.625,
    "y": 0.8696960210800171,
    "z": -2.125
  },
  "2": {
    "x": 0.3750000000000001,
    "y": 0.8696960210800171,
    "z": -3.0
  },
  "3": {
    "x": 0.0,
    "y": 0.8696960210800171,
    "z": -0.375
  }
}
