{
  "0": {
    "x": -2.1,
    "y": 0.906817615032196,
    "z": 3.6
  },
  "1": {
    "x": -1.6875,
    "y": 0.906817615032196,
    "z": 1.3125
  },
  "2": {
    "x": -3.375,
    "y": 0.906817615032196,
    "z": 1.5
  },
  "3": {
    "x": -3.9375,
    "y": 0.906817615032196,
    "z": 3.9375
  }
}
