{
  "0": {
    "x": 2.0,
    "y": 0.9009991884231567,
    "z": -1.75
  },
  "1": {
    "x": 2.625,
    "y": 0.9009991884231567,
    "z": 0.75
  },
  "2": {
    "x": 2.625,
    "y": 0.9009991884231567,
    "z": -0.375
  },
  "3": {
    "x": 2.25,
    "y": 0.9009991884231567,
    "z": 1.5
  }
}
