{
  "0": {
    "x": -0.375,
    "y": 0.9984914064407349,
    "z": -1.5
  },
  "1": {
    "x": -3.15,
    "y": 0.9984914064407349,
    "z": 0.30000000000000004
  },
  "2": {
    "x": -2.0625,
    "y": 0.9984914064407349,
    "z": -1.5
  },
  "3": {
    "x": -1.125,
    "y": 0.9984914064407349,
    "z": 0.0
  },
  "4": {
    "x": -3.375,
    "y": 0.9984914064407349,
    "z": -2.25
  }
}
