{
  "0": {
    "x": -0.75,
    "y": 0.9008351564407349,
    "z": 1.5
  },
  "1": {
    "x": -1.875,
    "y": 0.9008351564407349,
    "z": 0.75
  },
  "2": {
    "x": -0.75,
    "y": 0.9008351564407349,
    "z": 0.75
  },
  "3": {
    "x": -1.5,
    "y": 0.9008351564407349,
    "z": 1.875
  },
  "4": {
    "x": -2.25,
    "y": 0.9008351564407349,
    "z": 1.5
  }
}
