{
  "0": {
    "x": -2.25,
    "y": 0.9019852876663208,
    "z": 0.75
  },
  "1": {
    "x": -1.5,
    "y": 0.9019852876663208,
    "z": 3.0
  },
  "2": {
    "x": -2.25,
    "y": 0.9019852876663208,
    "z": 1.5
  },
  "3": {
    "x": -2.25,
    "y": 0.9019852876663208,
    "z": 2.25
  },
  "4": {
    "x": -1.5,
    "y": 0.9019852876663208,
    "z": 2.25
  }
}
