{
  "0": {
    "x": -1.5,
    "y": 0.9008256196975708,
    "z": 3.0
  },
  "1": {
    "x": -1.5,
    "y": 0.9008256196975708,
    "z": 1.5
  },
  "2": {
    "x": -1.5,
    "y": 0.9008256196975708,
    "z": 2.25
  },
  "3": {
    "x": -1.5,
    "y": 0.9008256196975708,
    "z": 3.75
  }
}
