{
  "0": {
    "x": 0.24999999999999994,
    "y": 0.9009992480278015,
    "z": 3.5
  },
  "1": {
    "x": -1.125,
    "y": 0.9009992480278015,
    "z": 3.0
  },
  "2": {
    "x": 0.0,
    "y": 0.9009992480278015,
    "z": 1.875
  },
  "3": {
    "x": -1.125,
    "y": 0.9009992480278015,
    "z": 2.25
  }
}
