{
  "0": {
    "x": 0.1250000000000001,
    "y": 0.9020034074783325,
    "z": -1.625
  },
  "1": {
    "x": 0.9,
    "y": 0.9020034074783325,
    "z": 0.4499999999999999
  },
  "2": {
    "x": -1.125,
    "y": 0.9020034074783325,
    "z": 0.75
  },
  "3": {
    "x": 2.4,
    "y": 0.9020034074783325,
    "z": -0.45
  }
}
