{
  "0": {
    "x": 0.5,
    "y": 0.9017602801322937,
    "z": -1.0
  },
  "1": {
    "x": 1.7142857142857142,
    "y": 0.9017602801322937,
    "z": 0.75
  },
  "2": {
    "x": 0.0,
    "y": 0.9017602801322937,
    "z": 1.5
  }
}
