{
  "0": {
    "x": -0.25,
    "y": 0.9009991884231567,
    "z": -0.75
  },
  "1": {
    "x": -0.125,
    "y": 0.9009991884231567,
    "z": -2.7499999999999996
  },
  "2": {
    "x": 1.625,
    "y": 0.9009991884231567,
    "z": -1.625
  },
  "3": {
    "x": 1.0,
    "y": 0.9009991884231567,
    "z": 0.9166666666666669
  }
}
