{
  "0": {
    "x": 0.75,
    "y": 0.9009992480278015,
    "z": 0.75
  },
  "1": {
    "x": 1.5,
    "y": 0.9009992480278015,
    "z": -1.5
  },
  "2": {
    "x": 1.0,
    "y": 0.9009992480278015,
    "z": -0.24999999999999997
  },
  "3": {
    "x": -0.375,
    "y": 0.9009992480278015,
    "z": 1.5
  },
  "4": {
    "x": 1.5,
    "y": 0.9009992480278015,
    "z": -0.75
  }
}
