{
  "0": {
    "x": -1.5,
    "y": 0.9009991884231567,
    "z": 1.7142857142857142
  },
  "1": {
    "x": -0.375,
    "y": 0.9009991884231567,
    "z": 0.25
  },
  "2": {
    "x": 0.75,
    "y": 0.9009991884231567,
    "z": 2.25
  }
}
