{
  "0": {
    "x": -2.0357142857142856,
    "y": 0.9283229112625122,
    "z": -0.6428571428571428
  },
  "1": {
    "x": -0.09375000000000006,
    "y": 0.9283229112625122,
    "z": -0.65625
  },
  "2": {
    "x": 1.875,
    "y": 0.9283229112625122,
    "z": 0.75
  },
  "3": {
    "x": -1.5,
    "y": 0.9283229112625122,
    "z": 1.5
  },
  "4": {
    "x": 1.875,
    "y": 0.9283229112625122,
    "z": -1.125
  }
}
