{
  "0": {
    "x": 0.6111111111111112,
    "y": 0.9009991884231567,
    "z": -0.8333333333333334
  }
}
