{
  "0": {
    "x": -1.5,
    "y": 0.9008351564407349,
    "z": 1.2857142857142858
  }
}
