{
  "0": {
    "x": 0.9375,
    "y": 0.9017602801322937,
    "z": 0.234375
  }
}
