{
  "0": {
    "x": -0.5714285714285714,
    "y": 0.9497443437576294,
    "z": 1.4642857142857142
  }
}
