{
  "0": {
    "x": -2.8026315789473686,
    "y": 0.906817615032196,
    "z": 2.526315789473684
  }
}
