{
  "0": {
    "x": -0.4166666666666667,
    "y": 0.9009992480278015,
    "z": 2.75
  }
}
