{
  "0": {
    "x": -0.2867647058823529,
    "y": 0.9283229112625122,
    "z": 0.11029411764705882
  }
}
