{
  "0": {
    "x": -1.1785714285714286,
    "y": 0.9010307192802429,
    "z": 2.7857142857142856
  }
}
