{
  "0": {
    "x": -0.65625,
    "y": 0.9009991884231567,
    "z": 1.265625
  }
}
