{
  "0": {
    "x": -0.6428571428571429,
    "y": 0.9019671678543091,
    "z": 2.4642857142857144
  }
}
