{
  "0": {
    "x": -0.46153846153846156,
    "y": 0.8696960210800171,
    "z": -1.5576923076923077
  }
}
