{
  "0": {
    "x": -2.0833333333333335,
    "y": 0.9019852876663208,
    "z": 1.5833333333333333
  }
}
