{
  "0": {
    "x": 0.8333333333333334,
    "y": 0.9020034074783325,
    "z": -0.4583333333333333
  }
}
